--------------------------------------------------------
--  파일이 생성됨 - 금요일-2월-01-2019   
--------------------------------------------------------
--------------------------------------------------------
--  DDL for Sequence BNUM_SEQ
--------------------------------------------------------

   CREATE SEQUENCE  "REVIEWPROJECT"."BNUM_SEQ"  MINVALUE 1 MAXVALUE 9999999999999999999999999999 INCREMENT BY 1 START WITH 21 CACHE 20 NOORDER  NOCYCLE ;
--------------------------------------------------------
--  DDL for Sequence GAME_BNUM_SEQ
--------------------------------------------------------

   CREATE SEQUENCE  "REVIEWPROJECT"."GAME_BNUM_SEQ"  MINVALUE 1 MAXVALUE 9999999999999999999999999999 INCREMENT BY 1 START WITH 21 CACHE 20 NOORDER  NOCYCLE ;
--------------------------------------------------------
--  DDL for Sequence MOVIE_BNUM_SEQ
--------------------------------------------------------

   CREATE SEQUENCE  "REVIEWPROJECT"."MOVIE_BNUM_SEQ"  MINVALUE 1 MAXVALUE 9999999999999999999999999999 INCREMENT BY 1 START WITH 21 CACHE 20 NOORDER  NOCYCLE ;
--------------------------------------------------------
--  DDL for Sequence REPLY_NUM
--------------------------------------------------------

--reply_num_seq   
   CREATE SEQUENCE  "REVIEWPROJECT"."REPLY_NUM"  MINVALUE 1 MAXVALUE 9999999999999999999999999999 INCREMENT BY 1 START WITH 21 CACHE 20 NOORDER  NOCYCLE ;
--------------------------------------------------------
--  DDL for Sequence TV_BNUM_SEQ
--------------------------------------------------------

   CREATE SEQUENCE  "REVIEWPROJECT"."TV_BNUM_SEQ"  MINVALUE 1 MAXVALUE 9999999999999999999999999999 INCREMENT BY 1 START WITH 21 CACHE 20 NOORDER  NOCYCLE ;
--------------------------------------------------------
--  DDL for Table BOARD
--------------------------------------------------------

  CREATE TABLE "REVIEWPROJECT"."BOARD" 
   (	"BOARD_NUM" NUMBER, 
	"BOARD_TITLE" VARCHAR2(50 BYTE), 
	"BOARD_CONTENT" VARCHAR2(50 BYTE), 
	"BOARD_DATE" DATE DEFAULT sysdate, 
	"MEMBER_ID" VARCHAR2(30 BYTE)
   ) SEGMENT CREATION IMMEDIATE 
  PCTFREE 10 PCTUSED 40 INITRANS 1 MAXTRANS 255 NOCOMPRESS LOGGING
  STORAGE(INITIAL 65536 NEXT 1048576 MINEXTENTS 1 MAXEXTENTS 2147483645
  PCTINCREASE 0 FREELISTS 1 FREELIST GROUPS 1 BUFFER_POOL DEFAULT FLASH_CACHE DEFAULT CELL_FLASH_CACHE DEFAULT)
  TABLESPACE "USERS" ;
--------------------------------------------------------
--  DDL for Table BOARD_GAME
--------------------------------------------------------

  CREATE TABLE "REVIEWPROJECT"."BOARD_GAME" 
   (	"BOARD_NUM" NUMBER, 
	"B_GAME_NUM" NUMBER
   ) SEGMENT CREATION IMMEDIATE 
  PCTFREE 10 PCTUSED 40 INITRANS 1 MAXTRANS 255 NOCOMPRESS LOGGING
  STORAGE(INITIAL 65536 NEXT 1048576 MINEXTENTS 1 MAXEXTENTS 2147483645
  PCTINCREASE 0 FREELISTS 1 FREELIST GROUPS 1 BUFFER_POOL DEFAULT FLASH_CACHE DEFAULT CELL_FLASH_CACHE DEFAULT)
  TABLESPACE "USERS" ;
--------------------------------------------------------
--  DDL for Table BOARD_MOVIE
--------------------------------------------------------

  CREATE TABLE "REVIEWPROJECT"."BOARD_MOVIE" 
   (	"BOARD_NUM" NUMBER, 
	"B_MOVIE_NUM" NUMBER
   ) SEGMENT CREATION IMMEDIATE 
  PCTFREE 10 PCTUSED 40 INITRANS 1 MAXTRANS 255 NOCOMPRESS LOGGING
  STORAGE(INITIAL 65536 NEXT 1048576 MINEXTENTS 1 MAXEXTENTS 2147483645
  PCTINCREASE 0 FREELISTS 1 FREELIST GROUPS 1 BUFFER_POOL DEFAULT FLASH_CACHE DEFAULT CELL_FLASH_CACHE DEFAULT)
  TABLESPACE "USERS" ;
--------------------------------------------------------
--  DDL for Table BOARD_TV
--------------------------------------------------------

  CREATE TABLE "REVIEWPROJECT"."BOARD_TV" 
   (	"BOARD_NUM" NUMBER, 
	"B_TV_NUM" NUMBER
   ) SEGMENT CREATION IMMEDIATE 
  PCTFREE 10 PCTUSED 40 INITRANS 1 MAXTRANS 255 NOCOMPRESS LOGGING
  STORAGE(INITIAL 65536 NEXT 1048576 MINEXTENTS 1 MAXEXTENTS 2147483645
  PCTINCREASE 0 FREELISTS 1 FREELIST GROUPS 1 BUFFER_POOL DEFAULT FLASH_CACHE DEFAULT CELL_FLASH_CACHE DEFAULT)
  TABLESPACE "USERS" ;
--------------------------------------------------------
--  DDL for Table HASHTAG
--------------------------------------------------------

  CREATE TABLE "REVIEWPROJECT"."HASHTAG" 
   (	"BOARD_NUM" NUMBER, 
	"HASHTAG1" VARCHAR2(50 BYTE), 
	"HASHTAG2" VARCHAR2(50 BYTE), 
	"HASHTAG3" VARCHAR2(50 BYTE), 
	"HASHTAG4" VARCHAR2(50 BYTE), 
	"HASHTAG5" VARCHAR2(50 BYTE), 
	"HASHTAG6" VARCHAR2(50 BYTE)
   ) SEGMENT CREATION IMMEDIATE 
  PCTFREE 10 PCTUSED 40 INITRANS 1 MAXTRANS 255 NOCOMPRESS LOGGING
  STORAGE(INITIAL 65536 NEXT 1048576 MINEXTENTS 1 MAXEXTENTS 2147483645
  PCTINCREASE 0 FREELISTS 1 FREELIST GROUPS 1 BUFFER_POOL DEFAULT FLASH_CACHE DEFAULT CELL_FLASH_CACHE DEFAULT)
  TABLESPACE "USERS" ;
--------------------------------------------------------
--  DDL for Table LIKEIT
--------------------------------------------------------

  CREATE TABLE "REVIEWPROJECT"."LIKEIT" 
   (	"BOARD_NUM" NUMBER, 
	"MEMBER_ID" VARCHAR2(30 BYTE), 
	"LIKEIT" NUMBER
   ) SEGMENT CREATION IMMEDIATE 
  PCTFREE 10 PCTUSED 40 INITRANS 1 MAXTRANS 255 NOCOMPRESS LOGGING
  STORAGE(INITIAL 65536 NEXT 1048576 MINEXTENTS 1 MAXEXTENTS 2147483645
  PCTINCREASE 0 FREELISTS 1 FREELIST GROUPS 1 BUFFER_POOL DEFAULT FLASH_CACHE DEFAULT CELL_FLASH_CACHE DEFAULT)
  TABLESPACE "USERS" ;
--------------------------------------------------------
--  DDL for Table MEMBER
--------------------------------------------------------

  CREATE TABLE "REVIEWPROJECT"."MEMBER" 
   (	"MEMBER_ID" VARCHAR2(30 BYTE), 
	"MEMBER_PW" VARCHAR2(30 BYTE), 
	"MEMBER_NAME" VARCHAR2(20 BYTE)
   ) SEGMENT CREATION IMMEDIATE 
  PCTFREE 10 PCTUSED 40 INITRANS 1 MAXTRANS 255 NOCOMPRESS LOGGING
  STORAGE(INITIAL 65536 NEXT 1048576 MINEXTENTS 1 MAXEXTENTS 2147483645
  PCTINCREASE 0 FREELISTS 1 FREELIST GROUPS 1 BUFFER_POOL DEFAULT FLASH_CACHE DEFAULT CELL_FLASH_CACHE DEFAULT)
  TABLESPACE "USERS" ;
--------------------------------------------------------
--  DDL for Table REPLY
--------------------------------------------------------

  CREATE TABLE "REVIEWPROJECT"."REPLY" 
   (	"REPLY_NUM" NUMBER, 
	"BOARD_NUM" NUMBER, 
	"MEMBER_ID" VARCHAR2(30 BYTE), 
	"REPLY_CONTENT" VARCHAR2(100 BYTE)
   ) SEGMENT CREATION IMMEDIATE 
  PCTFREE 10 PCTUSED 40 INITRANS 1 MAXTRANS 255 NOCOMPRESS LOGGING
  STORAGE(INITIAL 65536 NEXT 1048576 MINEXTENTS 1 MAXEXTENTS 2147483645
  PCTINCREASE 0 FREELISTS 1 FREELIST GROUPS 1 BUFFER_POOL DEFAULT FLASH_CACHE DEFAULT CELL_FLASH_CACHE DEFAULT)
  TABLESPACE "USERS" ;
  
-- INSERTING into REVIEWPROJECT.BOARD
SET DEFINE OFF;
Insert into REVIEWPROJECT.BOARD (BOARD_NUM,BOARD_TITLE,BOARD_CONTENT,BOARD_DATE,MEMBER_ID) values (1,'m.board','mmmmmmmmmm',to_date('19/01/31','RR/MM/DD'),'qwe');
Insert into REVIEWPROJECT.BOARD (BOARD_NUM,BOARD_TITLE,BOARD_CONTENT,BOARD_DATE,MEMBER_ID) values (2,'mboard2','mbmbmbmbmbmmb',to_date('19/01/31','RR/MM/DD'),'qwe');
Insert into REVIEWPROJECT.BOARD (BOARD_NUM,BOARD_TITLE,BOARD_CONTENT,BOARD_DATE,MEMBER_ID) values (3,'mmmboard','bmbmbmbm',to_date('19/01/31','RR/MM/DD'),'qwe');
Insert into REVIEWPROJECT.BOARD (BOARD_NUM,BOARD_TITLE,BOARD_CONTENT,BOARD_DATE,MEMBER_ID) values (4,'gmae1','111',to_date('19/01/31','RR/MM/DD'),'qwe');
Insert into REVIEWPROJECT.BOARD (BOARD_NUM,BOARD_TITLE,BOARD_CONTENT,BOARD_DATE,MEMBER_ID) values (5,'game2','222',to_date('19/01/31','RR/MM/DD'),'qwe');
Insert into REVIEWPROJECT.BOARD (BOARD_NUM,BOARD_TITLE,BOARD_CONTENT,BOARD_DATE,MEMBER_ID) values (6,'tv1','333',to_date('19/01/31','RR/MM/DD'),'qwe');
Insert into REVIEWPROJECT.BOARD (BOARD_NUM,BOARD_TITLE,BOARD_CONTENT,BOARD_DATE,MEMBER_ID) values (7,'tv2','444',to_date('19/01/31','RR/MM/DD'),'qwe');
Insert into REVIEWPROJECT.BOARD (BOARD_NUM,BOARD_TITLE,BOARD_CONTENT,BOARD_DATE,MEMBER_ID) values (8,'movie1','555',to_date('19/01/31','RR/MM/DD'),'qwe');
Insert into REVIEWPROJECT.BOARD (BOARD_NUM,BOARD_TITLE,BOARD_CONTENT,BOARD_DATE,MEMBER_ID) values (9,'mmovie2','666',to_date('19/01/31','RR/MM/DD'),'qwe');
Insert into REVIEWPROJECT.BOARD (BOARD_NUM,BOARD_TITLE,BOARD_CONTENT,BOARD_DATE,MEMBER_ID) values (10,'movie3','777',to_date('19/01/31','RR/MM/DD'),'qwe');

-- INSERTING into REVIEWPROJECT.BOARD_GAME
SET DEFINE OFF;
Insert into REVIEWPROJECT.BOARD_GAME (BOARD_NUM,B_GAME_NUM) values (4,1);
Insert into REVIEWPROJECT.BOARD_GAME (BOARD_NUM,B_GAME_NUM) values (5,2);

-- INSERTING into REVIEWPROJECT.BOARD_MOVIE
SET DEFINE OFF;
Insert into REVIEWPROJECT.BOARD_MOVIE (BOARD_NUM,B_MOVIE_NUM) values (1,1);
Insert into REVIEWPROJECT.BOARD_MOVIE (BOARD_NUM,B_MOVIE_NUM) values (2,2);
Insert into REVIEWPROJECT.BOARD_MOVIE (BOARD_NUM,B_MOVIE_NUM) values (8,3);
Insert into REVIEWPROJECT.BOARD_MOVIE (BOARD_NUM,B_MOVIE_NUM) values (9,4);
Insert into REVIEWPROJECT.BOARD_MOVIE (BOARD_NUM,B_MOVIE_NUM) values (10,5);

-- INSERTING into REVIEWPROJECT.BOARD_TV
SET DEFINE OFF;
Insert into REVIEWPROJECT.BOARD_TV (BOARD_NUM,B_TV_NUM) values (6,1);
Insert into REVIEWPROJECT.BOARD_TV (BOARD_NUM,B_TV_NUM) values (7,2);

-- INSERTING into REVIEWPROJECT.HASHTAG
SET DEFINE OFF;
Insert into REVIEWPROJECT.HASHTAG (BOARD_NUM,HASHTAG1,HASHTAG2,HASHTAG3,HASHTAG4,HASHTAG5,HASHTAG6) values (1,'핵잼','짱잼','재미지다','액션짱','성인영화','애니메이션');
Insert into REVIEWPROJECT.HASHTAG (BOARD_NUM,HASHTAG1,HASHTAG2,HASHTAG3,HASHTAG4,HASHTAG5,HASHTAG6) values (2,'감동ㅠㅠ','액션지리뮤ㅠ','너무웃김ㅠㅠ','울다지침ㅠㅠ',null,null);
Insert into REVIEWPROJECT.HASHTAG (BOARD_NUM,HASHTAG1,HASHTAG2,HASHTAG3,HASHTAG4,HASHTAG5,HASHTAG6) values (3,'노잼','추천하지않아','괜히봤다',null,null,null);
Insert into REVIEWPROJECT.HASHTAG (BOARD_NUM,HASHTAG1,HASHTAG2,HASHTAG3,HASHTAG4,HASHTAG5,HASHTAG6) values (4,'핵잼','짱잼','재미지다','액션짱','성인영화','애니메이션');
Insert into REVIEWPROJECT.HASHTAG (BOARD_NUM,HASHTAG1,HASHTAG2,HASHTAG3,HASHTAG4,HASHTAG5,HASHTAG6) values (5,'감동ㅠㅠ','액션지리뮤ㅠ','너무웃김ㅠㅠ','울다지침ㅠㅠ',null,null);
Insert into REVIEWPROJECT.HASHTAG (BOARD_NUM,HASHTAG1,HASHTAG2,HASHTAG3,HASHTAG4,HASHTAG5,HASHTAG6) values (6,'노잼','추천하지않아','괜히봤다',null,null,null);
Insert into REVIEWPROJECT.HASHTAG (BOARD_NUM,HASHTAG1,HASHTAG2,HASHTAG3,HASHTAG4,HASHTAG5,HASHTAG6) values (7,'핵잼','짱잼','재미지다','액션짱','성인영화','애니메이션');
Insert into REVIEWPROJECT.HASHTAG (BOARD_NUM,HASHTAG1,HASHTAG2,HASHTAG3,HASHTAG4,HASHTAG5,HASHTAG6) values (8,'감동ㅠㅠ','액션지리뮤ㅠ','너무웃김ㅠㅠ','울다지침ㅠㅠ',null,null);
Insert into REVIEWPROJECT.HASHTAG (BOARD_NUM,HASHTAG1,HASHTAG2,HASHTAG3,HASHTAG4,HASHTAG5,HASHTAG6) values (9,'노잼','추천하지않아','괜히봤다',null,null,null);
Insert into REVIEWPROJECT.HASHTAG (BOARD_NUM,HASHTAG1,HASHTAG2,HASHTAG3,HASHTAG4,HASHTAG5,HASHTAG6) values (10,'재밌음!','추천함',null,null,null,null);

-- INSERTING into REVIEWPROJECT.LIKEIT
SET DEFINE OFF;
Insert into REVIEWPROJECT.LIKEIT (BOARD_NUM,MEMBER_ID,LIKEIT) values (1,'qwe',1);
Insert into REVIEWPROJECT.LIKEIT (BOARD_NUM,MEMBER_ID,LIKEIT) values (2,'qwe',1);
Insert into REVIEWPROJECT.LIKEIT (BOARD_NUM,MEMBER_ID,LIKEIT) values (3,'qwe',1);
Insert into REVIEWPROJECT.LIKEIT (BOARD_NUM,MEMBER_ID,LIKEIT) values (4,'qwe',1);
Insert into REVIEWPROJECT.LIKEIT (BOARD_NUM,MEMBER_ID,LIKEIT) values (5,'qwe',1);
Insert into REVIEWPROJECT.LIKEIT (BOARD_NUM,MEMBER_ID,LIKEIT) values (6,'qwe',1);
Insert into REVIEWPROJECT.LIKEIT (BOARD_NUM,MEMBER_ID,LIKEIT) values (7,'qwe',1);
Insert into REVIEWPROJECT.LIKEIT (BOARD_NUM,MEMBER_ID,LIKEIT) values (8,'qwe',1);
Insert into REVIEWPROJECT.LIKEIT (BOARD_NUM,MEMBER_ID,LIKEIT) values (9,'qwe',1);
Insert into REVIEWPROJECT.LIKEIT (BOARD_NUM,MEMBER_ID,LIKEIT) values (10,'qwe',1);
Insert into REVIEWPROJECT.LIKEIT (BOARD_NUM,MEMBER_ID,LIKEIT) values (1,'a',1);
Insert into REVIEWPROJECT.LIKEIT (BOARD_NUM,MEMBER_ID,LIKEIT) values (1,'b',1);
Insert into REVIEWPROJECT.LIKEIT (BOARD_NUM,MEMBER_ID,LIKEIT) values (1,'c',1);
Insert into REVIEWPROJECT.LIKEIT (BOARD_NUM,MEMBER_ID,LIKEIT) values (1,'d',1);
Insert into REVIEWPROJECT.LIKEIT (BOARD_NUM,MEMBER_ID,LIKEIT) values (2,'a',1);
Insert into REVIEWPROJECT.LIKEIT (BOARD_NUM,MEMBER_ID,LIKEIT) values (2,'b',1);
Insert into REVIEWPROJECT.LIKEIT (BOARD_NUM,MEMBER_ID,LIKEIT) values (2,'c',1);
Insert into REVIEWPROJECT.LIKEIT (BOARD_NUM,MEMBER_ID,LIKEIT) values (2,'d',1);
Insert into REVIEWPROJECT.LIKEIT (BOARD_NUM,MEMBER_ID,LIKEIT) values (3,'a',1);
Insert into REVIEWPROJECT.LIKEIT (BOARD_NUM,MEMBER_ID,LIKEIT) values (3,'b',1);

-- INSERTING into REVIEWPROJECT.MEMBER
SET DEFINE OFF;
Insert into REVIEWPROJECT.MEMBER (MEMBER_ID,MEMBER_PW,MEMBER_NAME) values ('qwe','qwe','qwe');
Insert into REVIEWPROJECT.MEMBER (MEMBER_ID,MEMBER_PW,MEMBER_NAME) values ('a','a','a');
Insert into REVIEWPROJECT.MEMBER (MEMBER_ID,MEMBER_PW,MEMBER_NAME) values ('b','b','b');
Insert into REVIEWPROJECT.MEMBER (MEMBER_ID,MEMBER_PW,MEMBER_NAME) values ('c','c','c');
Insert into REVIEWPROJECT.MEMBER (MEMBER_ID,MEMBER_PW,MEMBER_NAME) values ('d','d','d');

-- INSERTING into REVIEWPROJECT.REPLY
SET DEFINE OFF;
Insert into REVIEWPROJECT.REPLY (REPLY_NUM,BOARD_NUM,MEMBER_ID,REPLY_CONTENT) values (1,1,'qwe','나는 글쓴이');
Insert into REVIEWPROJECT.REPLY (REPLY_NUM,BOARD_NUM,MEMBER_ID,REPLY_CONTENT) values (2,1,'a','나는 a');
Insert into REVIEWPROJECT.REPLY (REPLY_NUM,BOARD_NUM,MEMBER_ID,REPLY_CONTENT) values (3,1,'b','굳');
Insert into REVIEWPROJECT.REPLY (REPLY_NUM,BOARD_NUM,MEMBER_ID,REPLY_CONTENT) values (4,2,'c','노굳');
Insert into REVIEWPROJECT.REPLY (REPLY_NUM,BOARD_NUM,MEMBER_ID,REPLY_CONTENT) values (5,2,'d','굳굳');

--------------------------------------------------------
--  DDL for Index BOARD_GAME_PK
--------------------------------------------------------

  CREATE UNIQUE INDEX "REVIEWPROJECT"."BOARD_GAME_PK" ON "REVIEWPROJECT"."BOARD_GAME" ("B_GAME_NUM") 
  PCTFREE 10 INITRANS 2 MAXTRANS 255 COMPUTE STATISTICS 
  STORAGE(INITIAL 65536 NEXT 1048576 MINEXTENTS 1 MAXEXTENTS 2147483645
  PCTINCREASE 0 FREELISTS 1 FREELIST GROUPS 1 BUFFER_POOL DEFAULT FLASH_CACHE DEFAULT CELL_FLASH_CACHE DEFAULT)
  TABLESPACE "USERS" ;
--------------------------------------------------------
--  DDL for Index BOARD_MOVIE_PK
--------------------------------------------------------

  CREATE UNIQUE INDEX "REVIEWPROJECT"."BOARD_MOVIE_PK" ON "REVIEWPROJECT"."BOARD_MOVIE" ("B_MOVIE_NUM") 
  PCTFREE 10 INITRANS 2 MAXTRANS 255 COMPUTE STATISTICS 
  STORAGE(INITIAL 65536 NEXT 1048576 MINEXTENTS 1 MAXEXTENTS 2147483645
  PCTINCREASE 0 FREELISTS 1 FREELIST GROUPS 1 BUFFER_POOL DEFAULT FLASH_CACHE DEFAULT CELL_FLASH_CACHE DEFAULT)
  TABLESPACE "USERS" ;
--------------------------------------------------------
--  DDL for Index BOARD_PK
--------------------------------------------------------

  CREATE UNIQUE INDEX "REVIEWPROJECT"."BOARD_PK" ON "REVIEWPROJECT"."BOARD" ("BOARD_NUM") 
  PCTFREE 10 INITRANS 2 MAXTRANS 255 COMPUTE STATISTICS 
  STORAGE(INITIAL 65536 NEXT 1048576 MINEXTENTS 1 MAXEXTENTS 2147483645
  PCTINCREASE 0 FREELISTS 1 FREELIST GROUPS 1 BUFFER_POOL DEFAULT FLASH_CACHE DEFAULT CELL_FLASH_CACHE DEFAULT)
  TABLESPACE "USERS" ;
--------------------------------------------------------
--  DDL for Index REPLY_PK
--------------------------------------------------------

  CREATE UNIQUE INDEX "REVIEWPROJECT"."REPLY_PK" ON "REVIEWPROJECT"."REPLY" ("REPLY_NUM") 
  PCTFREE 10 INITRANS 2 MAXTRANS 255 COMPUTE STATISTICS 
  STORAGE(INITIAL 65536 NEXT 1048576 MINEXTENTS 1 MAXEXTENTS 2147483645
  PCTINCREASE 0 FREELISTS 1 FREELIST GROUPS 1 BUFFER_POOL DEFAULT FLASH_CACHE DEFAULT CELL_FLASH_CACHE DEFAULT)
  TABLESPACE "USERS" ;
--------------------------------------------------------
--  DDL for Index BOARD_TV_PK
--------------------------------------------------------

  CREATE UNIQUE INDEX "REVIEWPROJECT"."BOARD_TV_PK" ON "REVIEWPROJECT"."BOARD_TV" ("B_TV_NUM") 
  PCTFREE 10 INITRANS 2 MAXTRANS 255 COMPUTE STATISTICS 
  STORAGE(INITIAL 65536 NEXT 1048576 MINEXTENTS 1 MAXEXTENTS 2147483645
  PCTINCREASE 0 FREELISTS 1 FREELIST GROUPS 1 BUFFER_POOL DEFAULT FLASH_CACHE DEFAULT CELL_FLASH_CACHE DEFAULT)
  TABLESPACE "USERS" ;
--------------------------------------------------------
--  DDL for Index MEMBER_PK
--------------------------------------------------------

  CREATE UNIQUE INDEX "REVIEWPROJECT"."MEMBER_PK" ON "REVIEWPROJECT"."MEMBER" ("MEMBER_ID") 
  PCTFREE 10 INITRANS 2 MAXTRANS 255 COMPUTE STATISTICS 
  STORAGE(INITIAL 65536 NEXT 1048576 MINEXTENTS 1 MAXEXTENTS 2147483645
  PCTINCREASE 0 FREELISTS 1 FREELIST GROUPS 1 BUFFER_POOL DEFAULT FLASH_CACHE DEFAULT CELL_FLASH_CACHE DEFAULT)
  TABLESPACE "USERS" ;
--------------------------------------------------------
--  Constraints for Table BOARD_MOVIE
--------------------------------------------------------

  ALTER TABLE "REVIEWPROJECT"."BOARD_MOVIE" ADD CONSTRAINT "BOARD_MOVIE_PK" PRIMARY KEY ("B_MOVIE_NUM")
  USING INDEX PCTFREE 10 INITRANS 2 MAXTRANS 255 COMPUTE STATISTICS 
  STORAGE(INITIAL 65536 NEXT 1048576 MINEXTENTS 1 MAXEXTENTS 2147483645
  PCTINCREASE 0 FREELISTS 1 FREELIST GROUPS 1 BUFFER_POOL DEFAULT FLASH_CACHE DEFAULT CELL_FLASH_CACHE DEFAULT)
  TABLESPACE "USERS"  ENABLE;
  ALTER TABLE "REVIEWPROJECT"."BOARD_MOVIE" MODIFY ("B_MOVIE_NUM" NOT NULL ENABLE);
  ALTER TABLE "REVIEWPROJECT"."BOARD_MOVIE" MODIFY ("BOARD_NUM" NOT NULL ENABLE);
--------------------------------------------------------
--  Constraints for Table MEMBER
--------------------------------------------------------

  ALTER TABLE "REVIEWPROJECT"."MEMBER" MODIFY ("MEMBER_NAME" NOT NULL ENABLE);
  ALTER TABLE "REVIEWPROJECT"."MEMBER" MODIFY ("MEMBER_PW" NOT NULL ENABLE);
  ALTER TABLE "REVIEWPROJECT"."MEMBER" ADD CONSTRAINT "MEMBER_PK" PRIMARY KEY ("MEMBER_ID")
  USING INDEX PCTFREE 10 INITRANS 2 MAXTRANS 255 COMPUTE STATISTICS 
  STORAGE(INITIAL 65536 NEXT 1048576 MINEXTENTS 1 MAXEXTENTS 2147483645
  PCTINCREASE 0 FREELISTS 1 FREELIST GROUPS 1 BUFFER_POOL DEFAULT FLASH_CACHE DEFAULT CELL_FLASH_CACHE DEFAULT)
  TABLESPACE "USERS"  ENABLE;
  ALTER TABLE "REVIEWPROJECT"."MEMBER" MODIFY ("MEMBER_ID" NOT NULL ENABLE);
--------------------------------------------------------
--  Constraints for Table BOARD_TV
--------------------------------------------------------

  ALTER TABLE "REVIEWPROJECT"."BOARD_TV" MODIFY ("BOARD_NUM" NOT NULL ENABLE);
  ALTER TABLE "REVIEWPROJECT"."BOARD_TV" ADD CONSTRAINT "BOARD_TV_PK" PRIMARY KEY ("B_TV_NUM")
  USING INDEX PCTFREE 10 INITRANS 2 MAXTRANS 255 COMPUTE STATISTICS 
  STORAGE(INITIAL 65536 NEXT 1048576 MINEXTENTS 1 MAXEXTENTS 2147483645
  PCTINCREASE 0 FREELISTS 1 FREELIST GROUPS 1 BUFFER_POOL DEFAULT FLASH_CACHE DEFAULT CELL_FLASH_CACHE DEFAULT)
  TABLESPACE "USERS"  ENABLE;
  ALTER TABLE "REVIEWPROJECT"."BOARD_TV" MODIFY ("B_TV_NUM" NOT NULL ENABLE);
--------------------------------------------------------
--  Constraints for Table REPLY
--------------------------------------------------------

  ALTER TABLE "REVIEWPROJECT"."REPLY" ADD CONSTRAINT "REPLY_PK" PRIMARY KEY ("REPLY_NUM")
  USING INDEX PCTFREE 10 INITRANS 2 MAXTRANS 255 COMPUTE STATISTICS 
  STORAGE(INITIAL 65536 NEXT 1048576 MINEXTENTS 1 MAXEXTENTS 2147483645
  PCTINCREASE 0 FREELISTS 1 FREELIST GROUPS 1 BUFFER_POOL DEFAULT FLASH_CACHE DEFAULT CELL_FLASH_CACHE DEFAULT)
  TABLESPACE "USERS"  ENABLE;
  ALTER TABLE "REVIEWPROJECT"."REPLY" MODIFY ("REPLY_NUM" NOT NULL ENABLE);
--------------------------------------------------------
--  Constraints for Table BOARD
--------------------------------------------------------

  ALTER TABLE "REVIEWPROJECT"."BOARD" MODIFY ("MEMBER_ID" NOT NULL ENABLE);
  ALTER TABLE "REVIEWPROJECT"."BOARD" MODIFY ("BOARD_DATE" NOT NULL ENABLE);
  ALTER TABLE "REVIEWPROJECT"."BOARD" MODIFY ("BOARD_CONTENT" NOT NULL ENABLE);
  ALTER TABLE "REVIEWPROJECT"."BOARD" MODIFY ("BOARD_TITLE" NOT NULL ENABLE);
  ALTER TABLE "REVIEWPROJECT"."BOARD" ADD CONSTRAINT "BOARD_PK" PRIMARY KEY ("BOARD_NUM")
  USING INDEX PCTFREE 10 INITRANS 2 MAXTRANS 255 COMPUTE STATISTICS 
  STORAGE(INITIAL 65536 NEXT 1048576 MINEXTENTS 1 MAXEXTENTS 2147483645
  PCTINCREASE 0 FREELISTS 1 FREELIST GROUPS 1 BUFFER_POOL DEFAULT FLASH_CACHE DEFAULT CELL_FLASH_CACHE DEFAULT)
  TABLESPACE "USERS"  ENABLE;
  ALTER TABLE "REVIEWPROJECT"."BOARD" MODIFY ("BOARD_NUM" NOT NULL ENABLE);
--------------------------------------------------------
--  Constraints for Table HASHTAG
--------------------------------------------------------

  ALTER TABLE "REVIEWPROJECT"."HASHTAG" MODIFY ("BOARD_NUM" NOT NULL ENABLE);
--------------------------------------------------------
--  Constraints for Table LIKEIT
--------------------------------------------------------

  ALTER TABLE "REVIEWPROJECT"."LIKEIT" MODIFY ("MEMBER_ID" NOT NULL ENABLE);
  ALTER TABLE "REVIEWPROJECT"."LIKEIT" MODIFY ("BOARD_NUM" NOT NULL ENABLE);
--------------------------------------------------------
--  Constraints for Table BOARD_GAME
--------------------------------------------------------

  ALTER TABLE "REVIEWPROJECT"."BOARD_GAME" ADD CONSTRAINT "BOARD_GAME_PK" PRIMARY KEY ("B_GAME_NUM")
  USING INDEX PCTFREE 10 INITRANS 2 MAXTRANS 255 COMPUTE STATISTICS 
  STORAGE(INITIAL 65536 NEXT 1048576 MINEXTENTS 1 MAXEXTENTS 2147483645
  PCTINCREASE 0 FREELISTS 1 FREELIST GROUPS 1 BUFFER_POOL DEFAULT FLASH_CACHE DEFAULT CELL_FLASH_CACHE DEFAULT)
  TABLESPACE "USERS"  ENABLE;
  ALTER TABLE "REVIEWPROJECT"."BOARD_GAME" MODIFY ("B_GAME_NUM" NOT NULL ENABLE);
  ALTER TABLE "REVIEWPROJECT"."BOARD_GAME" MODIFY ("BOARD_NUM" NOT NULL ENABLE);
--------------------------------------------------------
--  Ref Constraints for Table BOARD
--------------------------------------------------------

  ALTER TABLE "REVIEWPROJECT"."BOARD" ADD CONSTRAINT "BOARD_FK1" FOREIGN KEY ("MEMBER_ID")
	  REFERENCES "REVIEWPROJECT"."MEMBER" ("MEMBER_ID") ENABLE;
--------------------------------------------------------
--  Ref Constraints for Table BOARD_GAME
--------------------------------------------------------

  ALTER TABLE "REVIEWPROJECT"."BOARD_GAME" ADD CONSTRAINT "BOARD_GAME_FK1" FOREIGN KEY ("BOARD_NUM")
	  REFERENCES "REVIEWPROJECT"."BOARD" ("BOARD_NUM") ENABLE;
--------------------------------------------------------
--  Ref Constraints for Table BOARD_MOVIE
--------------------------------------------------------

  ALTER TABLE "REVIEWPROJECT"."BOARD_MOVIE" ADD CONSTRAINT "BOARD_MOVIE_FK1" FOREIGN KEY ("BOARD_NUM")
	  REFERENCES "REVIEWPROJECT"."BOARD" ("BOARD_NUM") ENABLE;
--------------------------------------------------------
--  Ref Constraints for Table BOARD_TV
--------------------------------------------------------

  ALTER TABLE "REVIEWPROJECT"."BOARD_TV" ADD CONSTRAINT "BOARD_TV_FK1" FOREIGN KEY ("BOARD_NUM")
	  REFERENCES "REVIEWPROJECT"."BOARD" ("BOARD_NUM") ENABLE;
--------------------------------------------------------
--  Ref Constraints for Table HASHTAG
--------------------------------------------------------

  ALTER TABLE "REVIEWPROJECT"."HASHTAG" ADD CONSTRAINT "HASHTAG_FK1" FOREIGN KEY ("BOARD_NUM")
	  REFERENCES "REVIEWPROJECT"."BOARD" ("BOARD_NUM") ENABLE;
--------------------------------------------------------
--  Ref Constraints for Table LIKEIT
--------------------------------------------------------

  ALTER TABLE "REVIEWPROJECT"."LIKEIT" ADD CONSTRAINT "LIKEIT_FK1" FOREIGN KEY ("BOARD_NUM")
	  REFERENCES "REVIEWPROJECT"."BOARD" ("BOARD_NUM") ENABLE;
  ALTER TABLE "REVIEWPROJECT"."LIKEIT" ADD CONSTRAINT "LIKEIT_FK2" FOREIGN KEY ("MEMBER_ID")
	  REFERENCES "REVIEWPROJECT"."MEMBER" ("MEMBER_ID") ENABLE;
--------------------------------------------------------
--  Ref Constraints for Table REPLY
--------------------------------------------------------

  ALTER TABLE "REVIEWPROJECT"."REPLY" ADD CONSTRAINT "REPLY_FK1" FOREIGN KEY ("BOARD_NUM")
	  REFERENCES "REVIEWPROJECT"."BOARD" ("BOARD_NUM") ENABLE;
  ALTER TABLE "REVIEWPROJECT"."REPLY" ADD CONSTRAINT "REPLY_FK2" FOREIGN KEY ("MEMBER_ID")
	  REFERENCES "REVIEWPROJECT"."MEMBER" ("MEMBER_ID") ENABLE;
	  
	  
--------------------------------------------------------
--  board 칼럼 데이터타입 clob으로 변경 및 순서 변경
--------------------------------------------------------	  
ALTER TABLE board ADD (TMP_CONTENTS CLOB);

UPDATE board SET TMP_CONTENTS = BOARD_CONTENT; 
UPDATE board SET BOARD_CONTENT = NULL; 
COMMIT;

ALTER TABLE board DROP COLUMN BOARD_CONTENT;
ALTER TABLE board RENAME COLUMN TMP_CONTENTS TO BOARD_CONTENT;

create table temp as select BOARD_NUM, BOARD_TITLE, BOARD_CONTENT, BOARD_DATE, MEMBER_ID from board;
drop table board;	  
--------------------------------------------------------
--  DDL for Trigger BNUM_SEQ
--------------------------------------------------------

  CREATE OR REPLACE TRIGGER "REVIEWPROJECT"."BNUM_SEQ" 
   before insert on "REVIEWPROJECT"."BOARD" 
   for each row 
begin  
   if inserting then 
      if :NEW."BOARD_NUM" is null then 
         select BNUM_SEQ.nextval into :NEW."BOARD_NUM" from dual; 
      end if; 
   end if; 
end;


ALTER TRIGGER "REVIEWPROJECT"."BNUM_SEQ" ENABLE;
--------------------------------------------------------
--  DDL for Trigger GAME_BNUM_SEQ
--------------------------------------------------------

  CREATE OR REPLACE TRIGGER "REVIEWPROJECT"."GAME_BNUM_SEQ" 
   before insert on "REVIEWPROJECT"."BOARD_GAME" 
   for each row 
begin  
   if inserting then 
      if :NEW."B_GAME_NUM" is null then 
         select GAME_BNUM_SEQ.nextval into :NEW."B_GAME_NUM" from dual; 
      end if; 
   end if; 
end;


ALTER TRIGGER "REVIEWPROJECT"."GAME_BNUM_SEQ" ENABLE;
--------------------------------------------------------
--  DDL for Trigger MOVIE_BNUM_SEQ
--------------------------------------------------------

  CREATE OR REPLACE TRIGGER "REVIEWPROJECT"."MOVIE_BNUM_SEQ" 
   before insert on "REVIEWPROJECT"."BOARD_MOVIE" 
   for each row 
begin  
   if inserting then 
      if :NEW."B_MOVIE_NUM" is null then 
         select MOVIE_BNUM_SEQ.nextval into :NEW."B_MOVIE_NUM" from dual; 
      end if; 
   end if; 
end;


ALTER TRIGGER "REVIEWPROJECT"."MOVIE_BNUM_SEQ" ENABLE;
--------------------------------------------------------
--  DDL for Trigger REPLY_NUM
--------------------------------------------------------

  CREATE OR REPLACE TRIGGER "REVIEWPROJECT"."REPLY_NUM" 
   before insert on "REVIEWPROJECT"."REPLY" 
   for each row 
begin  
   if inserting then 
      if :NEW."REPLY_NUM" is null then 
         select REPLY_NUM.nextval into :NEW."REPLY_NUM" from dual; 
      end if; 
   end if; 
end;


ALTER TRIGGER "REVIEWPROJECT"."REPLY_NUM" ENABLE;
--------------------------------------------------------
--  DDL for Trigger TV_BNUM_SEQ
--------------------------------------------------------

  CREATE OR REPLACE TRIGGER "REVIEWPROJECT"."TV_BNUM_SEQ" 
   before insert on "REVIEWPROJECT"."BOARD_TV" 
   for each row 
begin  
   if inserting then 
      if :NEW."B_TV_NUM" is null then 
         select TV_BNUM_SEQ.nextval into :NEW."B_TV_NUM" from dual; 
      end if; 
   end if; 
end;


ALTER TRIGGER "REVIEWPROJECT"."TV_BNUM_SEQ" ENABLE;
